This is top secret,,,,,,,,,
Series_reference,Group,Series_title_1,STATUS,Data_value,Suppressed,Subject,UNITS,MAGNTUDE,Period
BOPQ.S06AC000000000A,"BPM6 Quarterly, Balance of payments major components",Actual,F,426,,Balance of Payments - BOP,Dollars,6,1971.06
BOPQ.S06AC000000000A,"BPM6 Quarterly, Balance of payments major components",Actual,F,435,,Balance of Payments - BOP,Dollars,6,1971.09
BOPQ.S06AC000000000A,"BPM6 Quarterly, Balance of payments major components",Actual,F,360,,Balance of Payments - BOP,Dollars,6,1971.12
BOPQ.S06AC000000000A,"BPM6 Quarterly, Balance of payments major components",Actual,F,417,,Balance of Payments - BOP,Dollars,6,1972.03
BOPQ.S06AC000000000A,"BPM6 Quarterly, Balance of payments major components",Actual,F,528,,Balance of Payments - BOP,Dollars,6,1972.06
BOPQ.S06AC000000000A,"BPM6 Quarterly, Balance of payments major components",Actual,F,471,,Balance of Payments - BOP,Dollars,6,1972.09
BOPQ.S06AC000000000A,"BPM6 Quarterly, Balance of payments major components",Actual,F,437,,Balance of Payments - BOP,Dollars,6,1972.12
BOPQ.S06AC000000000A,"BPM6 Quarterly, Balance of payments major components",Actual,F,607,,Balance of Payments - BOP,Dollars,6,1973.03
BOPQ.S06AC000000000A,"BPM6 Quarterly, Balance of payments major components",Actual,F,666,,Balance of Payments - BOP,Dollars,6,1973.06
BOPQ.S06AC000000000A,"BPM6 Quarterly, Balance of payments major components",Actual,F,578,,Balance of Payments - BOP,Dollars,6,1973.09
BOPQ.S06AC000000000A,"BPM6 Quarterly, Balance of payments major components",Actual,F,526,,Balance of Payments - BOP,Dollars,6,1973.12
BOPQ.S06AC000000000A,"BPM6 Quarterly, Balance of payments major components",Actual,F,584,,Balance of Payments - BOP,Dollars,6,1974.03
BOPQ.S06AC000000000A,"BPM6 Quarterly, Balance of payments major components",Actual,F,615,,Balance of Payments - BOP,Dollars,6,1974.06
BOPQ.S06AC000000000A,"BPM6 Quarterly, Balance of payments major components",Actual,F,557,,Balance of Payments - BOP,Dollars,6,1974.09
BOPQ.S06AC000000000A,"BPM6 Quarterly, Balance of payments major components",Actual,F,541,,Balance of Payments - BOP,Dollars,6,1974.12
BOPQ.S06AC000000000A,"BPM6 Quarterly, Balance of payments major components",Actual,F,517,,Balance of Payments - BOP,Dollars,6,1975.03
BOPQ.S06AC000000000A,"BPM6 Quarterly, Balance of payments major components",Actual,F,633,,Balance of Payments - BOP,Dollars,6,1975.06
BOPQ.S06AC000000000A,"BPM6 Quarterly, Balance of payments major components",Actual,F,630,,Balance of Payments - BOP,Dollars,6,1975.09
BOPQ.S06AC000000000A,"BPM6 Quarterly, Balance of payments major components",Actual,F,738,,Balance of Payments - BOP,Dollars,6,1975.12
BOPQ.S06AC000000000A,"BPM6 Quarterly, Balance of payments major components",Actual,F,796,,Balance of Payments - BOP,Dollars,6,1976.03
BOPQ.S06AC000000000A,"BPM6 Quarterly, Balance of payments major components",Actual,F,1013,,Balance of Payments - BOP,Dollars,6,1976.06
BOPQ.S06AC000000000A,"BPM6 Quarterly, Balance of payments major components",Actual,F,910,,Balance of Payments - BOP,Dollars,6,1976.09
BOPQ.S06AC000000000A,"BPM6 Quarterly, Balance of payments major components",Actual,F,947,,Balance of Payments - BOP,Dollars,6,1976.12
BOPQ.S06AC000000000A,"BPM6 Quarterly, Balance of payments major components",Actual,F,1048,,Balance of Payments - BOP,Dollars,6,1977.03
BOPQ.S06AC000000000A,"BPM6 Quarterly, Balance of payments major components",Actual,F,1225,,Balance of Payments - BOP,Dollars,6,1977.06
BOPQ.S06AC000000000A,"BPM6 Quarterly, Balance of payments major components",Actual,F,1008,,Balance of Payments - BOP,Dollars,6,1977.09
BOPQ.S06AC000000000A,"BPM6 Quarterly, Balance of payments major components",Actual,F,989,,Balance of Payments - BOP,Dollars,6,1977.12
BOPQ.S06AC000000000A,"BPM6 Quarterly, Balance of payments major components",Actual,F,1104,,Balance of Payments - BOP,Dollars,6,1978.03
BOPQ.S06AC000000000A,"BPM6 Quarterly, Balance of payments major components",Actual,F,1254,,Balance of Payments - BOP,Dollars,6,1978.06
BOPQ.S06AC000000000A,"BPM6 Quarterly, Balance of payments major components",Actual,F,1094,,Balance of Payments - BOP,Dollars,6,1978.09
BOPQ.S06AC000000000A,"BPM6 Quarterly, Balance of payments major components",Actual,F,1217,,Balance of Payments - BOP,Dollars,6,1978.12
BOPQ.S06AC000000000A,"BPM6 Quarterly, Balance of payments major components",Actual,F,1381,,Balance of Payments - BOP,Dollars,6,1979.03
BOPQ.S06AC000000000A,"BPM6 Quarterly, Balance of payments major components",Actual,F,1501,,Balance of Payments - BOP,Dollars,6,1979.06
BOPQ.S06AC000000000A,"BPM6 Quarterly, Balance of payments major components",Actual,F,1362,,Balance of Payments - BOP,Dollars,6,1979.09
BOPQ.S06AC000000000A,"BPM6 Quarterly, Balance of payments major components",Actual,F,1612,,Balance of Payments - BOP,Dollars,6,1979.12
BOPQ.S06AC000000000A,"BPM6 Quarterly, Balance of payments major components",Actual,F,1728,,Balance of Payments - BOP,Dollars,6,1980.03
BOPQ.S06AC000000000A,"BPM6 Quarterly, Balance of payments major components",Actual,F,1802,,Balance of Payments - BOP,Dollars,6,1980.06
BOPQ.S06AC000000000A,"BPM6 Quarterly, Balance of payments major components",Actual,F,1719,,Balance of Payments - BOP,Dollars,6,1980.09
BOPQ.S06AC000000000A,"BPM6 Quarterly, Balance of payments major components",Actual,F,1822,,Balance of Payments - BOP,Dollars,6,1980.12
BOPQ.S06AC000000000A,"BPM6 Quarterly, Balance of payments major components",Actual,F,1962,,Balance of Payments - BOP,Dollars,6,1981.03
BOPQ.S06AC000000000A,"BPM6 Quarterly, Balance of payments major components",Actual,F,2255,,Balance of Payments - BOP,Dollars,6,1981.06
BOPQ.S06AC000000000A,"BPM6 Quarterly, Balance of payments major components",Actual,F,2021,,Balance of Payments - BOP,Dollars,6,1981.09
BOPQ.S06AC000000000A,"BPM6 Quarterly, Balance of payments major components",Actual,F,2152,,Balance of Payments - BOP,Dollars,6,1981.12
BOPQ.S06AC000000000A,"BPM6 Quarterly, Balance of payments major components",Actual,F,2267,,Balance of Payments - BOP,Dollars,6,1982.03
BOPQ.S06AC000000000A,"BPM6 Quarterly, Balance of payments major components",Actual,F,2449,,Balance of Payments - BOP,Dollars,6,1982.06
BOPQ.S06AC000000000A,"BPM6 Quarterly, Balance of payments major components",Actual,F,2257,,Balance of Payments - BOP,Dollars,6,1982.09
BOPQ.S06AC000000000A,"BPM6 Quarterly, Balance of payments major components",Actual,F,2404,,Balance of Payments - BOP,Dollars,6,1982.12
BOPQ.S06AC000000000A,"BPM6 Quarterly, Balance of payments major components",Actual,F,2639,,Balance of Payments - BOP,Dollars,6,1983.03
BOPQ.S06AC000000000A,"BPM6 Quarterly, Balance of payments major components",Actual,F,2765,,Balance of Payments - BOP,Dollars,6,1983.06
BOPQ.S06AC000000000A,"BPM6 Quarterly, Balance of payments major components",Actual,F,2693,,Balance of Payments - BOP,Dollars,6,1983.09
BOPQ.S06AC000000000A,"BPM6 Quarterly, Balance of payments major components",Actual,F,2664,,Balance of Payments - BOP,Dollars,6,1983.12
BOPQ.S06AC000000000A,"BPM6 Quarterly, Balance of payments major components",Actual,F,2978,,Balance of Payments - BOP,Dollars,6,1984.03
BOPQ.S06AC000000000A,"BPM6 Quarterly, Balance of payments major components",Actual,F,3052,,Balance of Payments - BOP,Dollars,6,1984.06
BOPQ.S06AC000000000A,"BPM6 Quarterly, Balance of payments major components",Actual,F,3351,,Balance of Payments - BOP,Dollars,6,1984.09
BOPQ.S06AC000000000A,"BPM6 Quarterly, Balance of payments major components",Actual,F,3511,,Balance of Payments - BOP,Dollars,6,1984.12
BOPQ.S06AC000000000A,"BPM6 Quarterly, Balance of payments major components",Actual,F,4120,,Balance of Payments - BOP,Dollars,6,1985.03
BOPQ.S06AC000000000A,"BPM6 Quarterly, Balance of payments major components",Actual,F,4191,,Balance of Payments - BOP,Dollars,6,1985.06
BOPQ.S06AC000000000A,"BPM6 Quarterly, Balance of payments major components",Actual,F,3596,,Balance of Payments - BOP,Dollars,6,1985.09
BOPQ.S06AC000000000A,"BPM6 Quarterly, Balance of payments major components",Actual,F,3560,,Balance of Payments - BOP,Dollars,6,1985.12
BOPQ.S06AC000000000A,"BPM6 Quarterly, Balance of payments major components",Actual,F,3694,,Balance of Payments - BOP,Dollars,6,1986.03
BOPQ.S06AC000000000A,"BPM6 Quarterly, Balance of payments major components",Actual,F,3898,,Balance of Payments - BOP,Dollars,6,1986.06
BOPQ.S06AC000000000A,"BPM6 Quarterly, Balance of payments major components",Actual,F,4122,,Balance of Payments - BOP,Dollars,6,1986.09
BOPQ.S06AC000000000A,"BPM6 Quarterly, Balance of payments major components",Actual,F,4236,,Balance of Payments - BOP,Dollars,6,1986.12
BOPQ.S06AC000000000A,"BPM6 Quarterly, Balance of payments major components",Actual,F,4351,,Balance of Payments - BOP,Dollars,6,1987.03
BOPQ.S06AC000000000A,"BPM6 Quarterly, Balance of payments major components",Actual,F,4716,,Balance of Payments - BOP,Dollars,6,1987.06
BOPQ.S06AC000000000A,"BPM6 Quarterly, Balance of payments major components",Actual,F,4339,,Balance of Payments - BOP,Dollars,6,1987.09
BOPQ.S06AC000000000A,"BPM6 Quarterly, Balance of payments major components",Actual,F,4482,,Balance of Payments - BOP,Dollars,6,1987.12
BOPQ.S06AC000000000A,"BPM6 Quarterly, Balance of payments major components",Actual,F,4846,,Balance of Payments - BOP,Dollars,6,1988.03
BOPQ.S06AC000000000A,"BPM6 Quarterly, Balance of payments major components",Actual,F,4675,,Balance of Payments - BOP,Dollars,6,1988.06
BOPQ.S06AC000000000A,"BPM6 Quarterly, Balance of payments major components",Actual,F,4562,,Balance of Payments - BOP,Dollars,6,1988.09
BOPQ.S06AC000000000A,"BPM6 Quarterly, Balance of payments major components",Actual,F,4990,,Balance of Payments - BOP,Dollars,6,1988.12
BOPQ.S06AC000000000A,"BPM6 Quarterly, Balance of payments major components",Actual,F,5315,,Balance of Payments - BOP,Dollars,6,1989.03
BOPQ.S06AC000000000A,"BPM6 Quarterly, Balance of payments major components",Actual,F,5460,,Balance of Payments - BOP,Dollars,6,1989.06
BOPQ.S06AC000000000A,"BPM6 Quarterly, Balance of payments major components",Actual,F,4696,,Balance of Payments - BOP,Dollars,6,1989.09
BOPQ.S06AC000000000A,"BPM6 Quarterly, Balance of payments major components",Actual,F,5091,,Balance of Payments - BOP,Dollars,6,1989.12
BOPQ.S06AC000000000A,"BPM6 Quarterly, Balance of payments major components",Actual,F,5460,,Balance of Payments - BOP,Dollars,6,1990.03
BOPQ.S06AC000000000A,"BPM6 Quarterly, Balance of payments major components",Actual,F,5651,,Balance of Payments - BOP,Dollars,6,1990.06
BOPQ.S06AC000000000A,"BPM6 Quarterly, Balance of payments major components",Actual,F,5263,,Balance of Payments - BOP,Dollars,6,1990.09
BOPQ.S06AC000000000A,"BPM6 Quarterly, Balance of payments major components",Actual,F,5593,,Balance of Payments - BOP,Dollars,6,1990.12
BOPQ.S06AC000000000A,"BPM6 Quarterly, Balance of payments major components",Actual,F,5841,,Balance of Payments - BOP,Dollars,6,1991.03
BOPQ.S06AC000000000A,"BPM6 Quarterly, Balance of payments major components",Actual,F,5586,,Balance of Payments - BOP,Dollars,6,1991.06
BOPQ.S06AC000000000A,"BPM6 Quarterly, Balance of payments major components",Actual,F,5338,,Balance of Payments - BOP,Dollars,6,1991.09
BOPQ.S06AC000000000A,"BPM6 Quarterly, Balance of payments major components",Actual,F,5771,,Balance of Payments - BOP,Dollars,6,1991.12
BOPQ.S06AC000000000A,"BPM6 Quarterly, Balance of payments major components",Actual,F,5881,,Balance of Payments - BOP,Dollars,6,1992.03
BOPQ.S06AC000000000A,"BPM6 Quarterly, Balance of payments major components",Actual,F,6488,,Balance of Payments - BOP,Dollars,6,1992.06
BOPQ.S06AC000000000A,"BPM6 Quarterly, Balance of payments major components",Actual,F,5721,,Balance of Payments - BOP,Dollars,6,1992.09
BOPQ.S06AC000000000A,"BPM6 Quarterly, Balance of payments major components",Actual,F,5940,,Balance of Payments - BOP,Dollars,6,1992.12
BOPQ.S06AC000000000A,"BPM6 Quarterly, Balance of payments major components",Actual,F,6499,,Balance of Payments - BOP,Dollars,6,1993.03
BOPQ.S06AC000000000A,"BPM6 Quarterly, Balance of payments major components",Actual,F,6775,,Balance of Payments - BOP,Dollars,6,1993.06
BOPQ.S06AC000000000A,"BPM6 Quarterly, Balance of payments major components",Actual,F,6246,,Balance of Payments - BOP,Dollars,6,1993.09
BOPQ.S06AC000000000A,"BPM6 Quarterly, Balance of payments major components",Actual,F,6608,,Balance of Payments - BOP,Dollars,6,1993.12
BOPQ.S06AC000000000A,"BPM6 Quarterly, Balance of payments major components",Actual,F,7324,,Balance of Payments - BOP,Dollars,6,1994.03
BOPQ.S06AC000000000A,"BPM6 Quarterly, Balance of payments major components",Actual,F,7390,,Balance of Payments - BOP,Dollars,6,1994.06
BOPQ.S06AC000000000A,"BPM6 Quarterly, Balance of payments major components",Actual,F,6950,,Balance of Payments - BOP,Dollars,6,1994.09
BOPQ.S06AC000000000A,"BPM6 Quarterly, Balance of payments major components",Actual,F,7585,,Balance of Payments - BOP,Dollars,6,1994.12
BOPQ.S06AC000000000A,"BPM6 Quarterly, Balance of payments major components",Actual,F,8022,,Balance of Payments - BOP,Dollars,6,1995.03
BOPQ.S06AC000000000A,"BPM6 Quarterly, Balance of payments major components",Actual,F,8149,,Balance of Payments - BOP,Dollars,6,1995.06
BOPQ.S06AC000000000A,"BPM6 Quarterly, Balance of payments major components",Actual,F,7429,,Balance of Payments - BOP,Dollars,6,1995.09
BOPQ.S06AC000000000A,"BPM6 Quarterly, Balance of payments major components",Actual,F,8084,,Balance of Payments - BOP,Dollars,6,1995.12
BOPQ.S06AC000000000A,"BPM6 Quarterly, Balance of payments major components",Actual,F,8087,,Balance of Payments - BOP,Dollars,6,1996.03
BOPQ.S06AC000000000A,"BPM6 Quarterly, Balance of payments major components",Actual,F,8283,,Balance of Payments - BOP,Dollars,6,1996.06
BOPQ.S06AC000000000A,"BPM6 Quarterly, Balance of payments major components",Actual,F,7686,,Balance of Payments - BOP,Dollars,6,1996.09
BOPQ.S06AC000000000A,"BPM6 Quarterly, Balance of payments major components",Actual,F,8337,,Balance of Payments - BOP,Dollars,6,1996.12
BOPQ.S06AC000000000A,"BPM6 Quarterly, Balance of payments major components",Actual,F,7952,,Balance of Payments - BOP,Dollars,6,1997.03
BOPQ.S06AC000000000A,"BPM6 Quarterly, Balance of payments major components",Actual,F,7872,,Balance of Payments - BOP,Dollars,6,1997.06
BOPQ.S06AC000000000A,"BPM6 Quarterly, Balance of payments major components",Actual,F,7912,,Balance of Payments - BOP,Dollars,6,1997.09
BOPQ.S06AC000000000A,"BPM6 Quarterly, Balance of payments major components",Actual,F,8935,,Balance of Payments - BOP,Dollars,6,1997.12
BOPQ.S06AC000000000A,"BPM6 Quarterly, Balance of payments major components",Actual,F,9293,,Balance of Payments - BOP,Dollars,6,1998.03
BOPQ.S06AC000000000A,"BPM6 Quarterly, Balance of payments major components",Actual,F,8528,,Balance of Payments - BOP,Dollars,6,1998.06
BOPQ.S06AC000000000A,"BPM6 Quarterly, Balance of payments major components",Actual,F,8933,,Balance of Payments - BOP,Dollars,6,1998.09
BOPQ.S06AC000000000A,"BPM6 Quarterly, Balance of payments major components",Actual,F,9843,,Balance of Payments - BOP,Dollars,6,1998.12
BOPQ.S06AC000000000A,"BPM6 Quarterly, Balance of payments major components",Actual,F,9952,,Balance of Payments - BOP,Dollars,6,1999.03
BOPQ.S06AC000000000A,"BPM6 Quarterly, Balance of payments major components",Actual,F,9309,,Balance of Payments - BOP,Dollars,6,1999.06
BOPQ.S06AC000000000A,"BPM6 Quarterly, Balance of payments major components",Actual,F,9478,,Balance of Payments - BOP,Dollars,6,1999.09
BOPQ.S06AC000000000A,"BPM6 Quarterly, Balance of payments major components",Actual,F,10244,,Balance of Payments - BOP,Dollars,6,1999.12
BOPQ.S06AC000000000A,"BPM6 Quarterly, Balance of payments major components",Actual,F,11376,,Balance of Payments - BOP,Dollars,6,2000.03
BOPQ.S06AC000000000A,"BPM6 Quarterly, Balance of payments major components",Actual,F,11235,,Balance of Payments - BOP,Dollars,6,2000.06
BOPQ.S06AC000000000A,"BPM6 Quarterly, Balance of payments major components",Actual,F,10999,,Balance of Payments - BOP,Dollars,6,2000.09
BOPQ.S06AC000000000A,"BPM6 Quarterly, Balance of payments major components",Actual,F,12820,,Balance of Payments - BOP,Dollars,6,2000.12
BOPQ.S06AC000000000A,"BPM6 Quarterly, Balance of payments major components",Actual,F,12920,,Balance of Payments - BOP,Dollars,6,2001.03
BOPQ.S06AC000000000A,"BPM6 Quarterly, Balance of payments major components",Actual,F,12770,,Balance of Payments - BOP,Dollars,6,2001.06
BOPQ.S06AC000000000A,"BPM6 Quarterly, Balance of payments major components",Actual,F,12008,,Balance of Payments - BOP,Dollars,6,2001.09
BOPQ.S06AC000000000A,"BPM6 Quarterly, Balance of payments major components",Actual,F,12544,,Balance of Payments - BOP,Dollars,6,2001.12
BOPQ.S06AC000000000A,"BPM6 Quarterly, Balance of payments major components",Actual,F,13684,,Balance of Payments - BOP,Dollars,6,2002.03
BOPQ.S06AC000000000A,"BPM6 Quarterly, Balance of payments major components",Actual,F,12913,,Balance of Payments - BOP,Dollars,6,2002.06
BOPQ.S06AC000000000A,"BPM6 Quarterly, Balance of payments major components",Actual,F,11844,,Balance of Payments - BOP,Dollars,6,2002.09
BOPQ.S06AC000000000A,"BPM6 Quarterly, Balance of payments major components",Actual,F,12837,,Balance of Payments - BOP,Dollars,6,2002.12
BOPQ.S06AC000000000A,"BPM6 Quarterly, Balance of payments major components",Actual,F,12894,,Balance of Payments - BOP,Dollars,6,2003.03
BOPQ.S06AC000000000A,"BPM6 Quarterly, Balance of payments major components",Actual,F,12230,,Balance of Payments - BOP,Dollars,6,2003.06
BOPQ.S06AC000000000A,"BPM6 Quarterly, Balance of payments major components",Actual,F,11444,,Balance of Payments - BOP,Dollars,6,2003.09
BOPQ.S06AC000000000A,"BPM6 Quarterly, Balance of payments major components",Actual,F,12648,,Balance of Payments - BOP,Dollars,6,2003.12
BOPQ.S06AC000000000A,"BPM6 Quarterly, Balance of payments major components",Actual,F,13186,,Balance of Payments - BOP,Dollars,6,2004.03
BOPQ.S06AC000000000A,"BPM6 Quarterly, Balance of payments major components",Actual,F,13801,,Balance of Payments - BOP,Dollars,6,2004.06
BOPQ.S06AC000000000A,"BPM6 Quarterly, Balance of payments major components",Actual,F,11780,,Balance of Payments - BOP,Dollars,6,2004.09
BOPQ.S06AC000000000A,"BPM6 Quarterly, Balance of payments major components",Actual,F,13168,,Balance of Payments - BOP,Dollars,6,2004.12
BOPQ.S06AC000000000A,"BPM6 Quarterly, Balance of payments major components",Actual,F,14028,,Balance of Payments - BOP,Dollars,6,2005.03
BOPQ.S06AC000000000A,"BPM6 Quarterly, Balance of payments major components",Actual,F,13260,,Balance of Payments - BOP,Dollars,6,2005.06
BOPQ.S06AC000000000A,"BPM6 Quarterly, Balance of payments major components",Actual,F,12325,,Balance of Payments - BOP,Dollars,6,2005.09
BOPQ.S06AC000000000A,"BPM6 Quarterly, Balance of payments major components",Actual,F,13269,,Balance of Payments - BOP,Dollars,6,2005.12
BOPQ.S06AC000000000A,"BPM6 Quarterly, Balance of payments major components",Actual,F,14116,,Balance of Payments - BOP,Dollars,6,2006.03
BOPQ.S06AC000000000A,"BPM6 Quarterly, Balance of payments major components",Actual,F,15045,,Balance of Payments - BOP,Dollars,6,2006.06
BOPQ.S06AC000000000A,"BPM6 Quarterly, Balance of payments major components",Actual,F,13978,,Balance of Payments - BOP,Dollars,6,2006.09
BOPQ.S06AC000000000A,"BPM6 Quarterly, Balance of payments major components",Actual,F,14546,,Balance of Payments - BOP,Dollars,6,2006.12
BOPQ.S06AC000000000A,"BPM6 Quarterly, Balance of payments major components",Actual,F,15563,,Balance of Payments - BOP,Dollars,6,2007.03
BOPQ.S06AC000000000A,"BPM6 Quarterly, Balance of payments major components",Actual,F,15099,,Balance of Payments - BOP,Dollars,6,2007.06
BOPQ.S06AC000000000A,"BPM6 Quarterly, Balance of payments major components",Actual,F,14232,,Balance of Payments - BOP,Dollars,6,2007.09
BOPQ.S06AC000000000A,"BPM6 Quarterly, Balance of payments major components",Actual,F,16921,,Balance of Payments - BOP,Dollars,6,2007.12
BOPQ.S06AC000000000A,"BPM6 Quarterly, Balance of payments major components",Actual,F,17562,,Balance of Payments - BOP,Dollars,6,2008.03
BOPQ.S06AC000000000A,"BPM6 Quarterly, Balance of payments major components",Actual,F,17429,,Balance of Payments - BOP,Dollars,6,2008.06
BOPQ.S06AC000000000A,"BPM6 Quarterly, Balance of payments major components",Actual,F,16155,,Balance of Payments - BOP,Dollars,6,2008.09
BOPQ.S06AC000000000A,"BPM6 Quarterly, Balance of payments major components",Actual,F,17715,,Balance of Payments - BOP,Dollars,6,2008.12
BOPQ.S06AC000000000A,"BPM6 Quarterly, Balance of payments major components",Actual,F,17776,,Balance of Payments - BOP,Dollars,6,2009.03
BOPQ.S06AC000000000A,"BPM6 Quarterly, Balance of payments major components",Actual,F,16317,,Balance of Payments - BOP,Dollars,6,2009.06
BOPQ.S06AC000000000A,"BPM6 Quarterly, Balance of payments major components",Actual,F,14377,,Balance of Payments - BOP,Dollars,6,2009.09
BOPQ.S06AC000000000A,"BPM6 Quarterly, Balance of payments major components",Actual,F,15071,,Balance of Payments - BOP,Dollars,6,2009.12
BOPQ.S06AC000000000A,"BPM6 Quarterly, Balance of payments major components",Actual,F,17463,,Balance of Payments - BOP,Dollars,6,2010.03
BOPQ.S06AC000000000A,"BPM6 Quarterly, Balance of payments major components",Actual,F,17260,,Balance of Payments - BOP,Dollars,6,2010.06
BOPQ.S06AC000000000A,"BPM6 Quarterly, Balance of payments major components",Actual,F,15419,,Balance of Payments - BOP,Dollars,6,2010.09
BOPQ.S06AC000000000A,"BPM6 Quarterly, Balance of payments major components",Actual,F,17088,,Balance of Payments - BOP,Dollars,6,2010.12
BOPQ.S06AC000000000A,"BPM6 Quarterly, Balance of payments major components",Actual,F,18516,,Balance of Payments - BOP,Dollars,6,2011.03
BOPQ.S06AC000000000A,"BPM6 Quarterly, Balance of payments major components",Actual,F,18835,,Balance of Payments - BOP,Dollars,6,2011.06
BOPQ.S06AC000000000A,"BPM6 Quarterly, Balance of payments major components",Actual,F,16390,,Balance of Payments - BOP,Dollars,6,2011.09
BOPQ.S06AC000000000A,"BPM6 Quarterly, Balance of payments major components",Actual,F,18748,,Balance of Payments - BOP,Dollars,6,2011.12
BOPQ.S06AC000000000A,"BPM6 Quarterly, Balance of payments major components",Actual,F,18477,,Balance of Payments - BOP,Dollars,6,2012.03
BOPQ.S06AC000000000A,"BPM6 Quarterly, Balance of payments major components",Actual,F,18270,,Balance of Payments - BOP,Dollars,6,2012.06
BOPQ.S06AC000000000A,"BPM6 Quarterly, Balance of payments major components",Actual,F,16255,,Balance of Payments - BOP,Dollars,6,2012.09
BOPQ.S06AC000000000A,"BPM6 Quarterly, Balance of payments major components",Actual,F,17643,,Balance of Payments - BOP,Dollars,6,2012.12
BOPQ.S06AC000000000A,"BPM6 Quarterly, Balance of payments major components",Actual,F,18681,,Balance of Payments - BOP,Dollars,6,2013.03
BOPQ.S06AC000000000A,"BPM6 Quarterly, Balance of payments major components",Actual,F,17868,,Balance of Payments - BOP,Dollars,6,2013.06
BOPQ.S06AC000000000A,"BPM6 Quarterly, Balance of payments major components",Actual,F,16760,,Balance of Payments - BOP,Dollars,6,2013.09
BOPQ.S06AC000000000A,"BPM6 Quarterly, Balance of payments major components",Actual,F,19775,,Balance of Payments - BOP,Dollars,6,2013.12
BOPQ.S06AC000000000A,"BPM6 Quarterly, Balance of payments major components",Actual,F,21042,,Balance of Payments - BOP,Dollars,6,2014.03
BOPQ.S06AC000000000A,"BPM6 Quarterly, Balance of payments major components",Actual,F,19409,,Balance of Payments - BOP,Dollars,6,2014.06
BOPQ.S06AC000000000A,"BPM6 Quarterly, Balance of payments major components",Actual,F,16925,,Balance of Payments - BOP,Dollars,6,2014.09
BOPQ.S06AC000000000A,"BPM6 Quarterly, Balance of payments major components",Actual,F,19708,,Balance of Payments - BOP,Dollars,6,2014.12
BOPQ.S06AC000000000A,"BPM6 Quarterly, Balance of payments major components",Actual,F,21044,,Balance of Payments - BOP,Dollars,6,2015.03
BOPQ.S06AC000000000A,"BPM6 Quarterly, Balance of payments major components",Actual,F,20196,,Balance of Payments - BOP,Dollars,6,2015.06
BOPQ.S06AC000000000A,"BPM6 Quarterly, Balance of payments major components",Actual,F,18991,,Balance of Payments - BOP,Dollars,6,2015.09
BOPQ.S06AC000000000A,"BPM6 Quarterly, Balance of payments major components",Actual,R,20533,,Balance of Payments - BOP,Dollars,6,2015.12
BOPQ.S06AC000000000A,"BPM6 Quarterly, Balance of payments major components",Actual,R,21832,,Balance of Payments - BOP,Dollars,6,2016.03
BOPQ.S06AC000000000A,"BPM6 Quarterly, Balance of payments major components",Actual,R,21107,,Balance of Payments - BOP,Dollars,6,2016.06
BOPQ.S06AC000000000A,"BPM6 Quarterly, Balance of payments major components",Actual,R,18145,,Balance of Payments - BOP,Dollars,6,2016.09
BOPQ.S06AC000000000A,"BPM6 Quarterly, Balance of payments major components",Actual,R,20878,,Balance of Payments - BOP,Dollars,6,2016.12
BOPQ.S06AC000000000A,"BPM6 Quarterly, Balance of payments major components",Actual,R,22702,,Balance of Payments - BOP,Dollars,6,2017.03
BOPQ.S06AC000000000A,"BPM6 Quarterly, Balance of payments major components",Actual,R,23133,,Balance of Payments - BOP,Dollars,6,2017.06
BOPQ.S06AC000000000A,"BPM6 Quarterly, Balance of payments major components",Actual,R,19720,,Balance of Payments - BOP,Dollars,6,2017.09
BOPQ.S06AC000000000A,"BPM6 Quarterly, Balance of payments major components",Actual,R,23867,,Balance of Payments - BOP,Dollars,6,2017.12
BOPQ.S06AC000000000A,"BPM6 Quarterly, Balance of payments major components",Actual,R,24197,,Balance of Payments - BOP,Dollars,6,2018.03
BOPQ.S06AC000000000A,"BPM6 Quarterly, Balance of payments major components",Actual,R,24330,,Balance of Payments - BOP,Dollars,6,2018.06
BOPQ.S06AC000000000A,"BPM6 Quarterly, Balance of payments major components",Actual,R,22052,,Balance of Payments - BOP,Dollars,6,2018.09
BOPQ.S06AC000000000A,"BPM6 Quarterly, Balance of payments major components",Actual,R,24840,,Balance of Payments - BOP,Dollars,6,2018.12
BOPQ.S06AC000000000A,"BPM6 Quarterly, Balance of payments major components",Actual,R,26146,,Balance of Payments - BOP,Dollars,6,2019.03
BOPQ.S06AC000000000A,"BPM6 Quarterly, Balance of payments major components",Actual,R,25563,,Balance of Payments - BOP,Dollars,6,2019.06
BOPQ.S06AC000000000A,"BPM6 Quarterly, Balance of payments major components",Actual,R,22109,,Balance of Payments - BOP,Dollars,6,2019.09
BOPQ.S06AC000000000A,"BPM6 Quarterly, Balance of payments major components",Actual,R,25613,,Balance of Payments - BOP,Dollars,6,2019.12
BOPQ.S06AC000000000A,"BPM6 Quarterly, Balance of payments major components",Actual,R,26587,,Balance of Payments - BOP,Dollars,6,2020.03
BOPQ.S06AC000000000A,"BPM6 Quarterly, Balance of payments major components",Actual,R,21906,,Balance of Payments - BOP,Dollars,6,2020.06
BOPQ.S06AC000000000A,"BPM6 Quarterly, Balance of payments major components",Actual,R,18879,,Balance of Payments - BOP,Dollars,6,2020.09
BOPQ.S06AC000000000A,"BPM6 Quarterly, Balance of payments major components",Actual,R,21283,,Balance of Payments - BOP,Dollars,6,2020.12
BOPQ.S06AC000000000A,"BPM6 Quarterly, Balance of payments major components",Actual,R,20313,,Balance of Payments - BOP,Dollars,6,2021.03
BOPQ.S06AC000000000A,"BPM6 Quarterly, Balance of payments major components",Actual,F,24564,,Balance of Payments - BOP,Dollars,6,2021.06
